Part Number,Description,Location,ip,0
100-887-306,1U Service tray Adjustable,Front,76,1
100-563-611,Slic Filler,A1/B1/B2,33/34,2
105-001-244,Nebula Drive Filler,A1/B1,33,3
106-886-001,Server rail kit,A2,33,4
042-008-614,UPS Mounting bracket,A2,33,5
042-008-184,Rail,A2,33,6
100-885-163,Server rail kit,A2,33,7
106-886-100,2U SPS bezel kit,A2,33,8
042-007-010,Bracket mounting tray,A2,33,9
100-562-512,2U rack air baffle,A2/A3,33,10
042-007-533,UPS rail RIGHT,A2,33,11
042-006-509,stationary raill assy,A2,33,12
040-002-354,1U rack filler plate,A2,33,13
040-002-182,label holder left,A2,33,14
040-002-183,label holder right,A2,33,15
042-007-648,cable retainer bracket,A2,33,16
038-004-173,CAT 5E/6 ether 9in blue,A2,33,17
038-003-736,Door ground strap 7inch,A2,33,18
300-004-128,Compliance Envelope,A2,33,19
038-003-681,Ethernet Xover 12inch green,A2,33,20
040-002-489,cable bracket plastic,A2,33,21
038-003-594,RS232 cable,A2,33,22
040-000-907,3.5inch drive filler,A3,33,23
040-001-354,Rack Cable Holder,B2,34,24
042-005-794,Frame PDP support Bracket,B2,34,25
071-000-522,USB PS Wall adapter,B2/B3,34,26
040-001-699,Cable retainer,B2,34,27
039-050-004,Y Cable mate n lock BLACK,B2,34,28
038-004-254,Mate n lock BLACK 24inch,B2,34,29
038-004-134,drvie bay light bar USB cable,B2,34,30
039-050-005,Y Cable mate n lock GREY,B2/B3,34,31
038-004-255,Mate n lock GREY 24inch,B2,34,32
038-003-954,Ethernet Xover 108inch GREEN,B2,34,33
038-003-624,SPS to Mibe AC cable BLACK,B2,34,34
038-003-625,SPS to Mibe AC cable GREY,B2,34,35
038-003-711,USB cable Titan door,B2,34,36
038-003-952,Ethernet Xover 156inch PURPLE,B2,34,37
038-003-953,Ethernet Xover 98inch PURPLE,B2,34,38
038-004-231,USB Female to Male cable,B2,34,39
038-003-894,Micro DB9 to DB9 UPS serial,B2,34,40
038-003-712,USB Cable Assy Mohawk door,B2,34,41
106-887-402,Zeus CMA,Front,,42
106-887-407,Hercules CMA,Front,,43
106-887-223,Nebula adjustable rail kit,C1/D1,35/36,44
106-887-400,Luna fixed rail w/CMA option,C1/D1,35/36,45
100-887-237,1U Service tray guide,C1/D1,35/36,46
106-887-252-01,Zeus Eng 3/7 factory install kit,C2,35,47
106-887-243-009,Zeus DAE install kit Engine 3/7,C2,35,48
106-887-205-01,Zeus Eng 3 IB and Eth kit,C2,35,49
106-887-238-01,Zeus Eng 4/8 Factory install kit,C2,35,50
106-887-206-00,Zeus Eng 4 IB and Eth kit,C2,35,51
106-887-251-01,Zeus Eng 5 Factory install kit,C2,35,52
106-887-207-00,Zeus Eng 5 IB and Eth kit,C2,35,53
038-004-435,3phase Delta jumper,C2,35,54
038-004-186,Single Phase jumper ,C2,35,55
038-004-481,3 WYE jumper,C2,35,56
106-887-208-00,Zeus Eng 6 IB and Eth kit,C3,35,57
106-887-209-00,Zeus Eng 7 IB and Eth kit,C3,35,58
106-887-210-00,Zeus Eng 8 IB and Eth kit,C3,35,59
106-887-220-02,Zeus Eng 1 Factory install kit,D2,36,60
106-887-245-00,Zeus CTO Door kit,D2,36,61
106-887-242-00,Zeus DAE install kit Engine 1/5,D2,36,62
106-887-339-00,Zeus MMCS kit,D2,36,63
106-887-241-00,Zeus Mibe install kit,D2,36,64
106-887-203-00,Zeus Eng 1 IB and Eth kit,D2,36,65
106-887-239-01,Zeus Eng 2/6 Factory install kit,D2,36,66
106-887-204-01,Zeus Eng 2 IB and Eth kit,D2,36,67
100-887-234,X1019 Dual switch tray,D1,36,68
106-887-005,IB swithc rail kit,D2/D3,36,69
100-564-880,Tool-less universal switch rails,D3,36,70
040-002-652,2.5inch drive filler,E1/F1,37/38,71
040-002-337,3.5inch drive filler,E1/F1,37/38,72
042-018-054,Naga assy top cover,E2,37,73
106-887-038,Megatron fixed rails w/ EMI ears,E2/E3,37,74
106-886-099,2U SPS tray,E2,37,75
036-994-097,CLIP/ CABLE,G1,39,76
037-001-940,SADDLE/ NETWORK/ FIBER/ OPTICAL,G1,39,77
037-001-839,SADDLE/ WIRE/ VERTICAL,G1,39,78
037-002-039,Cable tie BLACK w adhesive,G1,39,79
042-005-382,PDU wire bail,G1,39,80
EMCGRNSMESD,,G1,39,81
036-995-055,SPLIT BRAIDED SLEEVING 6 INCHES CLEAR WH,G1,39,82
WIT-30R-BL,,G1,39,83
White Zip Ties,,G1,39,84
046-000-438,Label: MIBE 18 Director Map,G1,39,85
046-000-453,Label: MIBE 12 Director Map,G1,39,86
106-887-176,LABEL SHT 250F SAS BE,G1,39,87
106-563-246,LBL SHT SAS BUS 0 AND 1 SP TO DAE,G1,39,88
046-003-239,LABEL/ SP HEAVY WARNING,G1,39,89
046-002-549,LABEL/ ZONE A AND B,G1,39,90
106-886-735,VMAX VX10 FC LABEL KIT,G1,39,91
046-000-272,Label: Everest Power Cord Ident.,G1,39,92
046-004-607,NEMA RAIL UNIT INCREMENT LABELS,G1,39,93
040-001-255,Dummy plug,G2,39,94
041-000-063,6inch Blue tie marker,G2,39,95
040-001-652,Tag/ number/ serial,G2,39,96
041-000-071,6inch Blue tie marker w punch,G2,39,97
036-994-095,TIE/ CABLE/ BLACK,G2,39,98
046-000-436,Label: Host System Cabel Designation,G2,39,99
046-006-299,LABEL EVEREST ENG AND DIRECTOR ID,G2,39,100
046-001-288,Label: Everest Host Cable Inner Wall,G2,39,101
106-887-237,HERC ENG 2 DIRECT LBL SHT,G2,39,102
106-887-183,ENG 1 DIRECT LBL SHT,G2,39,103
106-887-190,ENG 8 DIRECT LBL SHT,G2,39,104
106-887-189,ENG 7 DIRECT LBL SHT,G2,39,105
106-887-188,ENG 6 DIRECT LBL SHT,G2,39,106
106-887-187,ENG 5 DIRECT LBL SHT,G2,39,107
106-887-186,ENG 4 DIRECT LBL SHT,G2,39,108
106-887-185,ENG 3 DIRECT LBL SHT,G2,39,109
106-887-184,ENG 2 DIRECT LBL SHT,G2,39,110
106-887-183,ENG 1 DIRECT LBL SHT,G2,39,111
046-007-139,EVEREST ENG 8 IB & ETHERNET CABLE LABELS,G3,39,112
046-007-138,EVEREST ENG 7 IB & ETHERNET CABLE LABELS,G3,39,113
046-007-137,EVEREST ENG 6 IB & ETHERNET CABLE LABELS,G3,39,114
046-007-136,EVEREST ENG 5 IB & ETHERNET CABLE LABELS,G3,39,115
046-007-135,EVEREST ENG 4 IB & ETHERNET CABLE LABELS,G3,39,116
046-007-134,EVEREST ENG 3 IB & ETHERNET CABLE LABELS,G3,39,117
046-007-133,EVEREST ENG 2 IB & ETHERNET CABLE LABELS,G3,39,118
046-007-132,EVEREST ENG 1 IB CABLE LABELS,G3,39,119
046-007-250,EVEREST ENG 1 ETHERNET CABLE LABELS,G3,39,120
046-007-157,EVEREST SAS 2ND ENG TO DAE 2 CABLE LBLS,G3,39,121
046-007-156,EVEREST SAS 2ND ENG TO DAE 1 CABLE LBLS,G3,39,122
046-007-155,EVEREST SAS 3M DAISY CABLE LABELS,G3,39,123
046-007-154,EVEREST SAS ENG TO DAE 4 CABLE LABELS,G3,39,124
046-007-153,EVEREST SAS ENG TO DAE 3 CABLE LABELS,G3,39,125
046-029-203,Label: Alignment/Index 60/120 DAE,G3,39,126
046-029-202,Label: Alignment/Index 120 DAE,G3,39,127
046-029-201,Label: Alignment/Index 60 DAE,G3,39,128
046-003-581,"1"" GREEN DESTINATION LABELS FOR CABLES",G3,39,129
046-002-723,YELLOW LABEL CABLE IDENTIFIER FOR HSSDC,G3,39,130
036-995-058,M3 screw,H1,40,131
036-995-040,flat head screw,H1,40,132
036-701-405,pan head screw flathead,H1,40,133
036-024-018,M5 WASHER 1MM THICK,H1,40,134
036-101-015,SCREW/ M4 X 8MM/ PAN HD/ PHILLIPS/ 18-8,H1,40,135
050-000-588,SCREW/ SHOULDER,H1,40,136
036-035-002,4-40X.250 SQ CONE SEMS,H1,40,137
036-701-404,SCREW 10-32 X 1/2 TORX/ PAN HD/ TAPTITE/,H1,40,138
036-708-602,SCREW/ FLAT HEAD/ 100 DEG CSK/ THREADFOR,H1,40,139
036-708-171,SCREW/ FLAT TORX/ 82 DEG CSK/ 10-32X.375,H1,40,140
036-701-158,INTEL WB SERVER RAIL 8-32 SCREWS,H1,40,141
036-702-255,SCR 120DG FLTPH BIT1 6-32 X 0.187L WNLOC,H1,40,142
036-702-088,PFH 100DEG #8-32X.312 STL/ZINC,H1,40,143
036-701-097,SCREW/ SQUARE CONE SEMS/ PHIL PAN HD/ #1,H1,40,144
036-701-086,SCREW/ SQUARE CONE SEMS/ PHIL PAN HD/ #8,H1,40,145
036-700-711,SCREW/ 8-32 FLAT HD PHILLIPS 100DEG COUN,H1,40,146
036-701-030,SCR/ SEMS/ #6-32x0.250/ PPH/ STL/ZINC,H1,40,147
049-002-637,BAG/ POLY ZIP/ 3 INCHES  X 4 INCHES,H1,40,148
12X48 KIT BAG,,H1,40,149
12X18 KIT BAG,,H1,40,150
036-995-061,"VELCRO/ BLACK/ FLAME RETARDENT 5""L",H1,40,151
106-002-453,M5 Screw,H2,40,152
036-709-113,M5 Zinc NYLOK,H2,40,153
105-002-597,,H2,40,154
106000083,pan head screw flathead,H2,40,155
036-708-587,M4 screw with loctite,H2,40,156
036-701-095,SCR SQ CONE SEMS PHIL PNHD #10-32 X .500,H2,40,157
036-701-094,SCREW/ SQUARE CONE SEMS/ PHIL PAN HD/ #1,H2,40,158
036-000-209,SCREW:M3x.5: 5mmLG:TRUSS-PHIL:NYLONPATCH,H2,40,159
036-701-418,SCREW/10-32 X 1/2/PHILLIPS/PAN HD/TAPTIT,H2,40,160
036-994-085,VELCRO/ ONE WRAP STRAP/ BLACK/ FLAME RET,H2,40,161
036-000-051,Ultra cinhc velcro 7in ORANGE,H2,40,162
044-000-266,FOAM PAD/ PDU/PDP/ TITAN,H3,40,163
002-056-777,,H3,40,164
040-002-512,AVG PLASTIC FILLER FOR SFP CAGE,H3,40,165
019-990-041,Dust cover for SFP,H3,40,166
038-003-936,AC PWR Cord 24inch Gray,I2,41,167
038-003-719,AC PWR Cord 24inch Trident,I2,41,168
038-004-341,AC PWR Cord 77inch Gray,I2,41,169
038-003-991,AC PWR Cord 30inch Black,I2,41,170
038-004-010,AC PWR Cord Gray,I2,41,171
038-004-396,Mat-N-Lok 18inch Black,I2,41,172
038-004-397,Mat-N-Lok 22inch Gray,I2,41,173
038-004-013,AC PWR Cord 30inch Black,I3,41,174
038-004-014,AC PWR Cord 30inch Gray,I3,41,175
038-004-002,AC PWR Cord 24inch Black,I3,41,176
038-004-331,AC PWR Cord 48inch Gray,I3,41,177
038-004-338,AC PWR Cord 39inch Black,I3,41,178
038-004-339,AC PWR Cord 39inch Gray,I3,41,179
038-004-378-01,Mini-HDX4 1M cable,I3,41,180
038-003-682,MICRO-DB9  TO RJ12 SPS SERIAL CBL 12 IN,Back,75,181
038-004-027,SPS TO PS AC CBL 18AWG 10IN BLACK (CCC),Back,75,182
038-004-028,SPS TO PS AC CBL 18AWG 10IN GRAY CCC),Back,75,183
038-003-085,Micro-DB9 to RJ12 3.5inch ,J2,60,184
038-003-752,Micro-DB9 to DB9 54inch,J2,60,185
038-004-011,AC PWR Cord 10inch Black,J2,60,186
038-003-623,Micro-DB9 Solarflare to RJ12,J2,60,187
038-004-136,CAT6 Lan cable 84inch RED,J2,60,188
038-003-888,Ethernet cable 71inch RED,J2,60,189
038-003-887,Ethernet cable 48inch Green,J2,60,190
038-003-677,Ethnet X-over 37inch Green,J2,60,191
038-003-676,Ethnet X-over 71inch Purple,J2,60,192
038-003-685,Ethnet X-over 37inch Purple,J2,60,193
038-004-064,Ethnet X-over 64inch Green,J2,60,194
038-004-030,AC PWR Cord 66inch Black,J3,60,195
038-004-031,AC PWR Cord 66inch Gray,J3,60,196
038-004-004,AC PWR Cord 1M Black,J3,60,197
038-004-332,AC PWR Cord 83inch Black,J3,60,198
038-004-022,AC PWR Cord Gray,J3,60,199
038-004-919,USB Male-A to Female-A 6ft,J3,60,200
038-004-888,RJ12 to RG12 receptacle 40in,J3,60,201
038-004-436,CAT6 Ethnet cable 100inch RED,J3,60,202
106-563-110-00,2U SPS Fixed rail kit,L1,62,203
106-563-111-00,2U SPS Adjustable rail kit,L1,62,204
106-887-200-01,1st engine install kit Saphire,L2,62,205
106-887-201-01,2nd engine install kit Sapphire,L2,62,206
106-887-068-01,2U DAE install kit Sapphire,L2,62,207
106-563-237,VPLEX 1U CMA kit,M1,63,208
100-565-231,Mellanox Dingo2 rail kit,M1,63,209
106-562-189,SPS Tray Adjustable rail kit,M1,63,210
106-886-071,SPS Tray Fixed rail kit,M1,63,211
106-563-311,VPLEX Fixed rail kit,M2,63,212
106-563-312,VPLEX Adjustbale rail kit,M2,63,213
106-563-228-00,Redwood Small Rack kit,M2,63,214
106-563-229-00,Redwood Medium Rack kit,M2,63,215
106-563-230-00,Redwood Large Rack kit,M2,63,216
100-562-686,Assy Kit Fixed Rails,M2,63,217
042-006-184,Switch Rail Brocade 1U,M2,63,218
100-520-527,Server Rail set Adjustable,M2,63,219
100-562-678,Assy Kit Adjustable Rails,M2,63,220
100-542-064,AVG Filler IO Module 2.0 SLIC,N1,64,221
100-564-093,VPLEX VS2 CMA,N1,64,222
042-023-108,Titan-D PDU Mounting Bracket,N2,64,223
042-009-089,Appliance Bezel clip Assy RIGHT,N2,64,224
042-009-088,Appliance Bezel clip Assy LEFT,N2,64,225
042-006-198,Bracket 2U Panel Mount LEFT,N2,64,226
042-007-881,1U Appliance Bezel Clip,N2,64,227
042-006-197,Bracket 2U Panel Mount RIGHT,N2,64,228
042-007-906,1U Appliance Bezel Clip Assy,N2,64,229
106-563-017,VPLEX VS2 QUAD Rack kit,N2,64,230
106-563-015,VPLEX VS2 SGL Rack kit,N2,64,231
106-563-024,VPLEX VS2 Switch Install kit,N2,64,232
106-563-023,VPLEX VS2 Engine Install kit,N2,64,233
2056758,AVG Mech Catch Universal,N2,64,234
042-008-654,Bracket 2U Filler Mount LEFT,N3,64,235
042-008-655,Bracket 2U Filler Mount RIGHT,N3,64,236
038-003-737,Optical cable 1M,N3,64,237
106-566-001-00,VPLEX 1U Server rail kit,N3,64,238
106-887-300,Hercules Eng 1 factory install kit,O2,65,239
106-887-301,Hercules Eng 2 factory install kit,O2,65,240
106-887-105-00,Hercules IB Fabric kit,O2,65,241
042-022-048,Assy: Bracket: Adapter,O2,65,242
150-024-068,MTG Ear Hardware Assy w/Foam,O2,65,243
040-024-117,Clip for CMA,O2,65,244
040-020-019,AC Cord Spacer,O2,65,245
040-011-052,Clip Cable,O2,65,246
042-022-053,Assy: Bracket: Adapter,O2,65,247
106-887-014,GS900 Ethernet Switch kit,O3,65,248
106-590-002,DELL R640 Server kit,P1,66,249
106-590-001,DELL R740XD Server kit,P1,66,250
106-887-046,DAE Factory Rail kit,P1,66,251
106-887-234,4U Pod mounting brackets,P2,66,252
100-887-525,2U DAE Pod kit,P2,66,253
100-887-524,4U Engine Pod kit,P2,66,254
100-887-520,2U SPS Pod kit,P2,66,255
100-565-071,AVG Slic Converter Filler,P2,66,256
106-886-090,Li Ion SPS Plate kit,P2,66,257
042-027-006,Mounting Ear Megatron EMI,P2,66,258
051-000-357,Nut Bar LEFT,P2,66,259
051-000-356,Nut Bar RIGHT,P2,66,260
106-590-015,MHC TOR/MGMT AF Field kit,Q1,67,261
106-590-014,MHC Server AF Cable Field kit,Q1,67,262
106-590-013,MHC 25G MGMT/TOR kit,Q1,67,263
106-590-012,MHC TOR/MGMT Factory kit,Q1,67,264
078-000-079,350VA UPS,Q1,67,265
106-590-007,MHC Upper Cable kit,Q2,67,266
106-590-006,MHC Lower Cable kit,Q2,67,267
105-001-140,DELL V250M DAC-SFP-10G-1M Base,Q2,67,268
042-018-088,AVG XIO Shipping Brace,Q2,67,269
106-590-003,MHC AF Server Cable kit,Q2,67,270
100-566-022,Gen3.14 Switch Rail 22in offset,Q2,67,271
100-564-836,DELL R7XX Sliding Rail kit,Q2,67,272
100-564-837,DELL R630 Sliding Rail kit,Q2,67,273
106-590-008,MHC Server Cable Field kit,Q3,67,274
106-590-009,MHC TOR/MGMT Field kit,Q3,67,275
106-590-018,MHC AF Server Cable UPG kit Factory,Q3,67,276
106-590-016,MHC Server Cable UPG kit Factory,Q3,67,277
042-008-405,ASSY/ Cable Manager,R2,68,278
044-022-001,Film: Protective,R2,68,279
105-001-118-00,SFP+ 10GBe SR XCVR,R2,68,280
038-000-944,Universal light bar cable,S2,69,281
038-004-577,Cable USB A to USB B 2.5M ,S2,69,282
038-004-565,Cable USB B to B Plug 2M,S2,69,283
038-003-941,USB Cable ARMADA 65.5inch,S2,69,284
038-002-214,Door Power Cable,S2,69,285
,Blue CMA Clip,S2,69,286
,Black CMA Clip,S2,69,287
,Rubber CMA Pull tabs,S2,69,288
051-000-345,Mounting Ear RIGHT,S3,69,289
106-887-011,Nema Rail set IB Switch ,S3,69,290
071-000-205,PWR Adptr 12V BLACK,S3,69,291
071-000-206,PWR Adptr 12V GRAY,S3,69,292
100-887-117,VMAX3 Upper CMA,T1,70,293
106-886-128-00,Engine AC Cable kit,T2,70,294
106-887-039-03,MMCS kit,T2,70,295
039-004-110,USB Receptacle YELLOW,T3,70,296
039-004-110,USB Receptacle WHITE,T3,70,297
038-003-718,CAT-5E/6 12in BLUE,T3,70,298
100-887-123,VMAX3 lOWER CMA,U1,71,299
038-004-676-00,1M PCIE mini SAS Cable,U2,71,300
038-004-782-00,1.5M PCIE mini SAS Cable,U2,71,301
038-000-150-00,3M Mini SAS to HD-HD Cable,U2,71,302
038-900-027-00,5M QSFP Cable,U2,71,303
038-018-026-00,3M Mini SAS Cable ,U2,71,304
038-004-067-01,3M QSFP Cable,U2,71,305
038-004-066-01,2M QSFP Cable,U2,71,306
038-004-065-01,1M QSFP Cable,U2,71,307
038-004-405,CAT6 Ethernet 24in LIME,V2,72,308
038-004-406,CAT6 Ethernet 24in VIOLET,V2,72,309
038-004-411,CAT6 Ethernet 3M LIME,V2,72,310
038-004-412,CAT6 Ethernet 3M VIOLET,V2,72,311
038-004-413,CAT6 Ethernet 5M LIME,V2,72,312
038-004-414,CAT6 Ethernet 5M VIOLET,V2,72,313
038-004-415,CAT6 Ethernet 8M LIME,V2,72,314
038-004-416,CAT6 Ethernet 8M VIOLET,V2,72,315
038-004-409,CAT6 Ethernet 71in LIME,V3,72,316
038-004-410,CAT6 Ethernet 71in VIOLET,V3,72,317
042-022-143,Assy:Manager:Cable,W1,73,318
042-022-050,Assy:Manager:Cable,W1,73,319
106-887-101,VMAX 250F Eng 1U CMA kit,W1,73,320
106-562-497,2U DAE Fixed Rail kit,W2,73,321
106-887-199,Luna Stationary rail kit w/ ears,W2,73,322
106-887-198,Luna Stationary rail kit w/o ears,W3,73,323
040-023-029,PDU Tooless Mounting Bracket,W3,73,324
,VMAX3 PDU Clips,W3,73,325
,CMA Label,W3,73,326
038-004-256,USB CABLE ASSY/ DISPERSED SYS BAY/ 4.5M,GL Cube,74,327
038-004-008,AC CORD INTL C13/C14 79IN 16/3 GRAY CCC,GL Cube,74,328
038-004-011,AC CORD INTL C13/C14 10IN 16/3 BLACK CCC,GL Cube,74,329
038-004-018,SPS-PS AC PWR CBL (BLK) 16IN 18AWG (CCC),GL Cube,74,330
038-018-002,POWER CORD/ AC/ 2M LONG/ TRIDENT/ GRAY,GL Cube,74,331
038-003-992,AC CORD INTL C13/C14 79IN 16/3 BLACK CCC,GL Cube,74,332
038-004-336,"C14 to C13 AC CABLE 16AWG 118"" BLACK",GL Cube,74,333
038-004-337,"C14 to C13 AC CABLE 16AWG 118"" GRAY",GL Cube,74,334
038-004-335,"C14 to C13 AC CABLE 16AWG 93"" GRAY",GL Cube,74,335
038-004-333,"C14 to C13 AC CABLE 16AWG 83"" GRAY",GL Cube,74,336
038-004-028,SPS TO PS AC CBL 18AWG 10IN GRAY CCC),GL Cube,74,337
038-004-027,SPS TO PS AC CBL 18AWG 10IN BLACK (CCC),GL Cube,74,338
038-003-302,SPS TO DAE AC POWER CABLE 30 IN.,GL Cube,74,339
038-003-170,CAT6 UTP CROSSOVER CABLE GREEN 1FT,GL Cube,74,340
038-004-501,C14 to Mat-N-Lok Gray 7 inch,GL Cube,74,341
038-004-500,C13 to Mat-N-Lok Black 7 inch,GL Cube,74,342
038-004-401,C14 to Mat-N-Lok Gray 30 inch,GL Cube,74,343
038-004-403,C14 to Mat-N-Lok Gray 84 inch,GL Cube,74,344
038-004-398,C13 to Mat-N-Lok Black 34 inches,GL Cube,74,345
038-004-340,"C14 to C13 AC CABLE 16AWG 77"" BLACK",GL Cube,74,346
038-003-437,,GL Cube,74,347
038-003-434,,GL Cube,74,348
038-003-933,ETHERNET CROSSOVER CABLE/ 124 INCH GREEN,GL Cube,74,349
038-003-678,ETHERNET X-OVER CBL 20 IN PURPLE,GL Cube,74,350
038-003-886,ETHERNET CROSSOVER CABLE 71 INCHES/ GREE,GL Cube,74,351
038-003-719,"POWER CORD AC/ 24"" LONG/ TRIDENT",GL Cube,74,352
038-003-680,ETHERNET X-OVER CBL 12 IN PURPLE,GL Cube,74,353
038-003-679,ETHERNET CROSSOVER CABLE 20 INCHES GREEN,GL Cube,74,354
038-003-549,SPS TO DAE AC POWER CABLE (GRAY) 30 IN,GL Cube,74,355
038-003-084,25 FT NULL MODEM CBL MICRO DB9-DB9/F SER,GL Cube,74,356
038-003-387,CBL/ HSSDC TO HSSDC/ 27 AWG/ 1M,GL Cube,74,357
038-003-382,CBL/ HSSDC TO HSSDC/ 27 AWG/ 5M,GL Cube,74,358
038-003-383,CBL/ HSSDC TO HSSDC/ 27 AWG/ 4M,GL Cube,74,359
038-003-696,3.125 GBPS QSFP CBL W/BOSS BKSHELL 41IN,GL Cube,74,360
038-003-508,4GB FIBRE CHANNEL HSSDC2 TO HSSDC2 CABLE,GL Cube,74,361
038-003-694,3.125 GBPS QSFP CBL W/BOSS BKSHELL 31IN,GL Cube,74,362
038-003-695,3.125 GBPS QSFP CBL W/BOSS BKSHELL 34IN,GL Cube,74,363
038-003-698,3.125 GBPS QSFP CBL W/BOSS BKSHELL 60IN,GL Cube,74,364
038-003-699,3.125 GBPS QSFP CBL W/BOSS BKSHELL 68IN,GL Cube,74,365
038-003-708,QSFP-(4) HSSDC2 CBL 26 AWG 2.0M W/BOSS,GL Cube,74,366
038-003-700,3.125 GBPS QSFP CBL W/BOSS BKSHELL 46IN,GL Cube,74,367
038-003-702,3.125 GBPS QSFP CBL W/BOSS BKSHELL 72IN,GL Cube,74,368
038-003-704,3.125 GBPS QSFP CBL W/BOSS BKSHELL 1M,GL Cube,74,369
038-004-060,QSFP 68IN 30AWG CABLE 30AWG 3.125GBPS,GL Cube,74,370
038-004-072,QSFP 1M 30AWG CABLE 30AWG 3.125GBPS,GL Cube,74,371
038-004-057,QSFP 52IN 30AWG CABLE 30AWG 3.125GBPS,GL Cube,74,372
038-004-614-00,1.5M QSFP+ CABLE ASSEMBLY HAL-FREE,GL Cube,74,373
038-004-253,QSFP TO (4) HSSDC2 W/INCR BRKOUT 4.5M,GL Cube,74,374
038-003-813,5M MINI-HDX4 TO MINI-SASX4,GL Cube,74,375
038-003-950,3.125 GBPS QSFP CABLE WITH BOSS BACKSHEL,GL Cube,74,376
038-003-572,4GB HSSDC2 TO HSSDC2 100 OHM CABLE 10.0M,GL Cube,74,377
038-003-511,4GB FIBRE CHANNEL HSSDC2 TO HSSDC2 CABLE,GL Cube,74,378
038-018-028-00,5M FLEXIBLE MINI-SAS CABLE,GL Cube,74,379
037-001-752,CASTER RIDGID,GL Cube,74,380
037-001-302,CASTOR/ SWIVEL/ HEAVY DUTY,GL Cube,74,381
100-885-187,Symm-7 Katina kit Mohawk,GL Cube,74,382
042-005-799,Bracket Bot tie down,GL Cube,74,383
042-005-800,Bracket Top tie down,GL Cube,74,384
106-886-004,Symm titan DAE mounting kit,GL Cube,74,385
051-000-247,DAE flange LEFT Mohawk,GL Cube,74,386
051-000-248,DAE flange RIGHT Mohawk,GL Cube,74,387
106-886-145,Vanguard titan flange kit,GL Cube,74,388
051-000-379,Ear mounting LEFT,GL Cube,74,389
051-000-380,Ear mounting RIGHT,GL Cube,74,390
106-886-089,Vanguard mounting kit,GL Cube,74,391
051-000-335,Derringer RIGHT mounting ear,GL Cube,74,392
051-000-336,Derringer LEFT mounting ear,GL Cube,74,393
040-000-973,cable alignment device,GL Cube,74,394
106-886-084,drv bay sps kit,GL Cube,74,395
106-886-083,sys bay sps kit,GL Cube,74,396
040-001-945,slic divider,GL Cube,74,397
042-007-854,Slic partition,GL Cube,74,398
106-886-079,Vmax sps bracket,GL Cube,74,399
106-886-078,Mohawk sps bracket,GL Cube,74,400
100-561-081,Nema flange kit,GL Cube,74,401
051-020-010,Right mtg ear ,GL Cube,74,402
042-008-970,SPS bracket Front,GL Cube,74,403
042-009-068,SPS bracket Front,GL Cube,74,404
051-020-011,Left mtg ear,GL Cube,74,405
046-003-995,LABEL TAG: MAIN POWER TO PDU INSTRUCTION,GL Cube,74,406
036-709-013,M5 phillips head BLK,GL Cube,74,407
